Urtea,AuzoKodea,Auzoa,AdinTartea,PertsonenKop,PertsonenKopE,PertsonenKopG
2019,,Altza,95+,25,4,21
2019,,Altza,90-94,166,52,114
2019,,Altza,85-89,398,125,273
2019,,Altza,80-84,612,241,371
2019,,Altza,75-79,900,397,503
2019,,Altza,70-74,1219,572,647
2019,,Altza,65-69,1453,693,760
2019,,Altza,60-64,1313,600,713
2019,,Altza,55-59,1428,700,728
2019,,Altza,50-54,1514,738,776
2019,,Altza,45-49,1713,901,812
2019,,Altza,40-44,1799,924,875
2019,,Altza,35-39,1442,723,719
2019,,Altza,30-34,1024,509,515
2019,,Altza,25-29,897,483,414
2019,,Altza,20-24,928,457,471
2019,,Altza,15-19,905,469,436
2019,,Altza,10-14,927,498,429
2019,,Altza,05-09,975,495,480
2019,,Altza,00-04,814,414,400
2019,,Amara Berri,95+,136,39,97
2019,,Amara Berri,90-94,426,109,317
2019,,Amara Berri,85-89,890,283,607
2019,,Amara Berri,80-84,988,363,625
2019,,Amara Berri,75-79,1400,586,814
2019,,Amara Berri,70-74,1726,721,1005
2019,,Amara Berri,65-69,1927,829,1098
2019,,Amara Berri,60-64,2150,980,1170
2019,,Amara Berri,55-59,2213,988,1225
2019,,Amara Berri,50-54,2095,960,1135
2019,,Amara Berri,45-49,2169,1040,1129
2019,,Amara Berri,40-44,2402,1237,1165
2019,,Amara Berri,35-39,2128,1045,1083
2019,,Amara Berri,30-34,1658,756,902
2019,,Amara Berri,25-29,1484,722,762
2019,,Amara Berri,20-24,1413,705,708
2019,,Amara Berri,15-19,1258,645,613
2019,,Amara Berri,10-14,1308,690,618
2019,,Amara Berri,05-09,1422,758,664
2019,,Amara Berri,00-04,1311,622,689
2019,,Antiguo,95+,40,8,32
2019,,Antiguo,90-94,223,70,153
2019,,Antiguo,85-89,429,149,280
2019,,Antiguo,80-84,588,233,355
2019,,Antiguo,75-79,710,305,405
2019,,Antiguo,70-74,998,445,553
2019,,Antiguo,65-69,931,397,534
2019,,Antiguo,60-64,1093,522,571
2019,,Antiguo,55-59,1241,570,671
2019,,Antiguo,50-54,1136,549,587
2019,,Antiguo,45-49,964,450,514
2019,,Antiguo,40-44,926,453,473
2019,,Antiguo,35-39,736,367,369
2019,,Antiguo,30-34,652,297,355
2019,,Antiguo,25-29,749,352,397
2019,,Antiguo,20-24,809,400,409
2019,,Antiguo,15-19,727,378,349
2019,,Antiguo,10-14,636,316,320
2019,,Antiguo,05-09,502,253,249
2019,,Antiguo,00-04,456,236,220
2019,,Añorga,95+,6,0,6
2019,,Añorga,90-94,21,4,17
2019,,Añorga,85-89,38,21,17
2019,,Añorga,80-84,52,16,36
2019,,Añorga,75-79,101,52,49
2019,,Añorga,70-74,154,70,84
2019,,Añorga,65-69,155,72,83
2019,,Añorga,60-64,173,87,86
2019,,Añorga,55-59,161,79,82
2019,,Añorga,50-54,149,73,76
2019,,Añorga,45-49,185,95,90
2019,,Añorga,40-44,191,97,94
2019,,Añorga,35-39,141,69,72
2019,,Añorga,30-34,101,43,58
2019,,Añorga,25-29,108,55,53
2019,,Añorga,20-24,103,55,48
2019,,Añorga,15-19,92,48,44
2019,,Añorga,10-14,122,70,52
2019,,Añorga,05-09,129,70,59
2019,,Añorga,00-04,96,48,48
2019,,Ategorrieta-Ulia,95+,25,6,19
2019,,Ategorrieta-Ulia,90-94,78,9,69
2019,,Ategorrieta-Ulia,85-89,124,38,86
2019,,Ategorrieta-Ulia,80-84,141,48,93
2019,,Ategorrieta-Ulia,75-79,167,77,90
2019,,Ategorrieta-Ulia,70-74,225,110,115
2019,,Ategorrieta-Ulia,65-69,223,108,115
2019,,Ategorrieta-Ulia,60-64,315,162,153
2019,,Ategorrieta-Ulia,55-59,282,151,131
2019,,Ategorrieta-Ulia,50-54,343,170,173
2019,,Ategorrieta-Ulia,45-49,315,159,156
2019,,Ategorrieta-Ulia,40-44,304,156,148
2019,,Ategorrieta-Ulia,35-39,225,99,126
2019,,Ategorrieta-Ulia,30-34,175,82,93
2019,,Ategorrieta-Ulia,25-29,182,100,82
2019,,Ategorrieta-Ulia,20-24,179,88,91
2019,,Ategorrieta-Ulia,15-19,214,113,101
2019,,Ategorrieta-Ulia,10-14,238,129,109
2019,,Ategorrieta-Ulia,05-09,166,86,80
2019,,Ategorrieta-Ulia,00-04,141,72,69
2019,,Ibaeta,95+,41,6,35
2019,,Ibaeta,90-94,90,15,75
2019,,Ibaeta,85-89,169,52,117
2019,,Ibaeta,80-84,199,83,116
2019,,Ibaeta,75-79,308,141,167
2019,,Ibaeta,70-74,455,201,254
2019,,Ibaeta,65-69,504,228,276
2019,,Ibaeta,60-64,718,365,353
2019,,Ibaeta,55-59,890,432,458
2019,,Ibaeta,50-54,891,428,463
2019,,Ibaeta,45-49,819,372,447
2019,,Ibaeta,40-44,734,370,364
2019,,Ibaeta,35-39,557,261,296
2019,,Ibaeta,30-34,512,249,263
2019,,Ibaeta,25-29,471,227,244
2019,,Ibaeta,20-24,634,344,290
2019,,Ibaeta,15-19,613,342,271
2019,,Ibaeta,10-14,534,287,247
2019,,Ibaeta,05-09,454,216,238
2019,,Ibaeta,00-04,350,183,167
2019,,Igeldo,95+,4,0,4
2019,,Igeldo,90-94,8,3,5
2019,,Igeldo,85-89,17,7,10
2019,,Igeldo,80-84,22,13,9
2019,,Igeldo,75-79,46,20,26
2019,,Igeldo,70-74,68,37,31
2019,,Igeldo,65-69,60,30,30
2019,,Igeldo,60-64,68,34,34
2019,,Igeldo,55-59,83,36,47
2019,,Igeldo,50-54,81,42,39
2019,,Igeldo,45-49,87,44,43
2019,,Igeldo,40-44,94,47,47
2019,,Igeldo,35-39,73,37,36
2019,,Igeldo,30-34,58,33,25
2019,,Igeldo,25-29,36,19,17
2019,,Igeldo,20-24,53,30,23
2019,,Igeldo,15-19,56,29,27
2019,,Igeldo,10-14,63,29,34
2019,,Igeldo,05-09,52,28,24
2019,,Igeldo,00-04,43,21,22
