periodo,municipio,tipo_infraccion,ertzaintza_2025,ertzaintza_2026,policia_local_2025,policia_local_2026,total_2025,total_2026
Enero-Junio 2025-2026,Donostia-San Sebastián,Homicidio y sus formas,3,9,5,4,8,13
Enero-Junio 2025-2026,Donostia-San Sebastián,Homicidio doloso/ asesinato consumado (UE),1,1,0,0,1,1
Enero-Junio 2025-2026,Donostia-San Sebastián,Homicidio doloso/ asesinato tentativa (UE),1,6,3,3,4,9
Enero-Junio 2025-2026,Donostia-San Sebastián,Otras infracciones de homicidio y sus formas,1,2,2,1,3,3
Enero-Junio 2025-2026,Donostia-San Sebastián,Lesiones,506,466,106,113,612,579
Enero-Junio 2025-2026,Donostia-San Sebastián,Malos tratos en el ámbito familiar,170,170,43,42,213,212
Enero-Junio 2025-2026,Donostia-San Sebastián,Lesiones,266,232,51,69,317,301
Enero-Junio 2025-2026,Donostia-San Sebastián,Otras infracciones de lesiones,70,64,12,2,82,66
Enero-Junio 2025-2026,Donostia-San Sebastián,Tortura y contra la integridad,79,52,19,10,98,62
Enero-Junio 2025-2026,Donostia-San Sebastián,Malos tratos habituales en el ámbito familiar,53,33,16,7,69,40
Enero-Junio 2025-2026,Donostia-San Sebastián,Otras infracciones de tortura y contra la integridad,26,19,3,3,29,22
Enero-Junio 2025-2026,Donostia-San Sebastián,Contra la libertad sexual (UE),65,83,19,15,84,98
Enero-Junio 2025-2026,Donostia-San Sebastián,Agresión sexual,60,73,15,11,75,84
Enero-Junio 2025-2026,Donostia-San Sebastián,Otras infracciones contra la libertad sexual,5,10,4,4,9,14
Enero-Junio 2025-2026,Donostia-San Sebastián,Contra el patrimonio y el orden socioeconómico,2640,2629,2599,2365,5239,4994
Enero-Junio 2025-2026,Donostia-San Sebastián,Hurto (UE),1560,1424,1744,1487,3304,2911
Enero-Junio 2025-2026,Donostia-San Sebastián,Robo con fuerza en las cosas,441,549,364,480,805,1029
Enero-Junio 2025-2026,Donostia-San Sebastián,Robo con fuerza en las cosas en vivienda(UE) (1),139,201,71,57,210,258
Enero-Junio 2025-2026,Donostia-San Sebastián,Robo con fuerza en las cosas en domicilio,116,138,51,37,167,175
Enero-Junio 2025-2026,Donostia-San Sebastián,Robo con fuerza en otras dependencias/anexos vivienda,23,63,20,20,43,83
Enero-Junio 2025-2026,Donostia-San Sebastián,Robo con fuerza en empresas,4,2,2,1,6,3
Enero-Junio 2025-2026,Donostia-San Sebastián,Robo con fuerza en comercios y otros esp.cerrados,57,46,38,16,95,62
Enero-Junio 2025-2026,Donostia-San Sebastián,Robo con fuerza en las cosas en otros lugares,241,300,253,406,494,706
Enero-Junio 2025-2026,Donostia-San Sebastián,Robo con violencia o intimidación (UE),118,151,92,89,210,240
Enero-Junio 2025-2026,Donostia-San Sebastián,Daños,342,315,252,183,594,498
Enero-Junio 2025-2026,Donostia-San Sebastián,Sustracción de vehículos a motor (UE),33,22,21,24,54,46
Enero-Junio 2025-2026,Donostia-San Sebastián,Estafa,66,71,86,73,152,144
Enero-Junio 2025-2026,Donostia-San Sebastián,Otras infracciones contra el patrimonio,80,97,40,29,120,126
Enero-Junio 2025-2026,Donostia-San Sebastián,Contra la seguridad colectiva,123,150,193,213,316,363
Enero-Junio 2025-2026,Donostia-San Sebastián,Salud pública: Tráfico de drogas (UE),63,70,47,50,110,120
Enero-Junio 2025-2026,Donostia-San Sebastián,"Conducir bajo la influencia de alcohol, drogas, etc.",22,49,103,121,125,170
Enero-Junio 2025-2026,Donostia-San Sebastián,Otras infracciones contra la seguridad colectiva,38,31,43,42,81,73
Enero-Junio 2025-2026,Donostia-San Sebastián,Otras infracciones penales,664,714,212,130,876,844
Enero-Junio 2025-2026,Donostia-San Sebastián,TOTAL,4080,4103,3153,2850,7233,6953
Enero-Junio 2025-2026,Donostia-San Sebastián,Delitos Informaticos,1094,997,505,371,1599,1368
Enero-Junio 2025-2026,Donostia-San Sebastián,Estafas Informaticas,965,853,505,370,1470,1223
Enero-Junio 2025-2026,Donostia-San Sebastián,Ciberfalsificaciones,55,59,0,0,55,59
Enero-Junio 2025-2026,Donostia-San Sebastián,Ciberamenazas y Cibercoacciones,29,34,0,0,29,34
Enero-Junio 2025-2026,Donostia-San Sebastián,Descubrimiento y revelacion de secretos,11,5,0,0,11,5
Enero-Junio 2025-2026,Donostia-San Sebastián,Ciberdelitos sexuales,1,12,0,1,1,13
Enero-Junio 2025-2026,Donostia-San Sebastián,Ciberataques informaticos,4,6,0,0,4,6
Enero-Junio 2025-2026,Donostia-San Sebastián,Otros delitos Informaticos,29,28,0,0,29,28
Enero-Junio 2025-2026,Donostia-San Sebastián,TOTAL CIBERDELINCUENCIA,1094,997,505,371,1599,1368
Enero-Junio 2025-2026,Donostia-San Sebastián,TOTAL INFRACCIONES PENALES,5174,5100,3658,3221,8832,8321
